cliente1,Industriales,Moderno
cliente1,Residenciales,Futurista
cliente1,Comerciales,Futurista
cliente1,Industriales,Moderno
cliente1,Comerciales,Futurista
cliente1,Industriales,Moderno
cliente1,Comerciales,Moderno
cliente1,Residenciales,Clasico
cliente1,Comerciales,Futurista
cliente1,Industriales,Moderno
cliente1,Residenciales,Moderno
cliente1,Residenciales,Moderno
cliente1,Residenciales,Moderno
cliente1,Residenciales,Moderno
cliente1,Residenciales,Moderno
cliente1,Residenciales,Moderno
cliente1,Residenciales,Moderno
cliente1,Residenciales,Moderno
cliente1,Residenciales,Moderno
